"","2","Habiletés comportementales","Montre un comportement adéquat en classe (déplacements en classe)","L'élève est calme et son comportement est adéquat en classe.","L'élève bouge un peu mais se calme avec l'intervention de l'adulte","L'élève est agité et il perturbe le déroulement de la classe.","2024-04-17 01:47:40","2024-04-17 01:47:40"
"","2","Habiletés comportementales","Calendrier - Horaire - Conscience des activités de la journée","L'élève suit adéquatement son horaire","L'élève suit son horaire de la journée mais a besoin dun rappel de l'adulte","L'élève ne suit pas son horaire malgré l'aide de l'adulte.","2024-04-17 01:47:40","2024-04-17 01:47:40"
"","2","Habiletés comportementales","Fait l'activité ou la tache demandée par l'adulte","L'élève réalise les tâches demandées par l'adulte.","L'élève a besoin du support de l'adulte pour réaliser les tâches qui lui sont demandées.","L'élève n'arrive pas à réaliser les tâches demandées par l'adulte malgée l'aide de celui-ci.","2024-04-17 01:47:40","2024-04-17 01:47:40"
"","2","Habiletés comportementales","Démontre de la persévérence dans la réalisation de la tache","L'élève montre de la persévérence dans la réalisation de sa tâche","L'élève montre peu de persévérence dans la réalisation de sa tâche, il doit être encouragé par l'adulte pour le faire","L'élève ne persévère pas dans la tâche et ne la réalise pas.","2024-04-17 01:47:40","2024-04-17 01:47:40"
"","2","Habiletés comportementales","Se met en danger ou met les autres en danger (grimpe-frappe-lance…)","L'élève ne se met pas, ni ne met les autres en danger.","L'élève peut se mettre et/ou mettre les autres en danger mais arrête le comportement avec l'intervention de l'adulte.","L'élève se me et/ou met les autres en danger malgré l'intervention de l'adulte.","2024-04-17 01:47:40","2024-04-17 01:47:40"
"","2","Habiletés comportementales","Fait de l'autostimulation (Flapping-Utilisation d'objets et/ou de son corps de facon non fonctionnelle)","L'élève ne fait pas d'autostimulation.","L'élève s'autostimule parfois par l'utilisation d'objets et/ou en bougeant des parties de son corps de façon non fonctionnelle","L'élève s'autostimule souvent par l'utilisation d'objets et/ou en bougeant des parties de son corps de façon non fonctionnelle","2024-04-17 01:47:40","2024-04-17 01:47:40"
"","2","Habiletés comportementales","Montre de l'intérêt restreint (Focus sur les memes objets-gestes), refuse les transitions, montre de la difficulté à passer à une autre activité.","L'élève ne montre pas d'intérêts restreints et accepte les transitions liées au passage d'une activité à une autre.","Les transitions sont un peu délicates mais, avec l'aid de l'adulte, l'élève accepte le passage d'une activité à une autre.","L'élève montre de l'intérêt restreint pour certains objets et, a de la difficulté à passer d'une activité à une autre.","2024-04-17 01:47:40","2024-04-17 01:47:40"
"","2","Habiletés comportementales-conscience de soi","Répond aux questions personnelles: ""quel est ton nom?"", ""Quel âge as -tu?"", ""C'est quand ton anniversaire?"", ""Où habite tu?""","L'éléve répond adéquatement aux questions personnelles","L'éléve arrive avec l'aide et l'appui de l'adulte à répondre aux questions personnelles","L'éléve ne répond pas aux questions personnelles malgré les différentes interventions de l'adulte","2024-04-17 01:47:40","2024-04-17 01:47:40"
"","2","Habiletés comportementales-conscience de soi","Se décrit physiquement","L'éléve est en mesure de se décrire physiquement","Avec l'aide et les relances de l'adulte, l'éléve arrive à faire une description physique de sa personne","L'éléve n'est pas en mesure de se décrire physiquement","2024-04-17 01:47:40","2024-04-17 01:47:40"
"","2","Habiletés comportementales-conscience de soi","Prend des initiatives: ""s'offre pour aider, cherche de l'information, récupére du matériel pour faire une tâche""","L'éleve prend des initiatives. Il offre son aide, cherche de lui-même l'information dont il a besoin, récupere du matériel pour faire une tâche","Avec l'aide et le rappel de l'adulte, l'éléve prend des initiatives, va chercher l'information et récupére du matériel pour faire une tâche","L'éléve ne prend pas d'initiative, il n'offre pas son aide et cherche pas l'information dont il a besoin","2024-04-17 01:47:40","2024-04-17 01:47:40"
"","2","Habiletés comportementales-conscience de soi","Persévére dans des situations difficiles","L'éléve persévére dans des situations difficiles, il est capable de s'adapter et de fournir des efforts","L'éléve peut avec l'aide et le rappel de l'adulte persévérer dans des situations difficiles","L'éléve ne persévére pas dans des situations difficiles malgrés l'aide et les rappels de l'adulte","2024-04-17 01:47:40","2024-04-17 01:47:40"
"","2","Habiletés comportementales-conscience de soi","Assume des responsabilités: prend soin de ses effets personnels, respecte les biens et les normes de l'école","L'éléve assume des responsabilités. Il prend soin de ses effets personnels, respecte les biens et les normes de l'école","L'éléve avec l'aide de l'adulte arrive à assumer des responsabilités, prendre soin de ses effets personnels et respecter les biens et les normes de l'école","L'éléve n'assume pas des responsabilités. Il ne prend pas soin de ses effets personnels . Il ne respecte pas les biens et les normes de l'école.","2024-04-17 01:47:40","2024-04-17 01:47:40"
"","2","Habiletés comportementales-conscience de soi","Montre de la curiosité sur son environnement","L'éléve montre de la curiosité sur son environnement. Il s'interresse et ex.plore les choses autour de lui","L'éléve peut avec aide ou rappel de l'adulte ex.plorer de nouveaux matériaux autour de lui","L'éléve ne montre pas de curiosité sur son environnement. Il n'ex.plore ni n'étudie de nouveaux matériaux de son environnement","2024-04-17 01:47:40","2024-04-17 01:47:40"
"","2","Habiletés comportementales-conscience de soi","Cherche l'approbation des adultes par rapport à ses actions","L'éléve cherche l'approbation de l'adulte par rapport à ses actions. Il a besoin d'être incité ou dirigé pour faire une activité ou ses actions d'une maniére gérérale.","L'éléve arrive avec rappel de l'adulte à demander l'approbation de l'adulte par rapport à ses actions","L'éléve ne cherche pas l'approbation de l'adulte par rapport à ses actions. Il fait comme il le souhaite pour ses actions.","2024-04-17 01:47:40","2024-04-17 01:47:40"
"","2","Habiletés comportementales-conscience de soi","Identifie ses capacités, ses forces et où il peut s'améliorer","L'éléve identifie ses capacités, ses forces et sait où il peut s'améliorer. Il connait ses atouts mais aussi ses limites","L'éléve peut avec l'aide de l'adulte identifier ses capacités, ses forces et voir où il peut s'améliorer","L'éléve n'identifie pas ses capacités, ses forces et ne sait pas où il peut s'améliorer","2024-04-17 01:47:40","2024-04-17 01:47:40"
"","2","Habiletés comportementales-conscience de soi","Démontre de la fierté dans ses accomplissements : ex. dit ""j'ai reussi!""","L'éléve démontre de la fierté dans ses accomplissements","L'éléve avec l'aide de l'adulte peut démontrer de la fierté dans ses acomplissements","L'éléve ne démontre pas de fierté dans ses accomplissements","2024-04-17 01:47:40","2024-04-17 01:47:40"
"","2","Habiletés comportementales-conscience de soi","Exprime de la gêne et de la honte dans certaines situations","L'éléve ex.prime de la gêne et de la honte dans certaines situations","L'éléve avec l'aide et le rappel de l'adulte arrive à ex.primer de la gêne et de la honte dans certaines situations","L'éléve n'ex.prime pas de le gêne et de la honte dans certaines situations","2024-04-17 01:47:40","2024-04-17 01:47:40"
"","2","Habiletés comportementales-conscience de soi","Identifie sa propre frustration","L'éléve identifie sa propre frustration","L'éléve peut avec l'aide de l'adulte identifier sa propre frustration","L'éléve n'identie pas sa propre frustration","2024-04-17 01:47:40","2024-04-17 01:47:40"
"","2","Habiletés comportementales-conscience de soi","Réagit à la déception et l'échec d'une façon acceptable","L'éléve réagit à la déception et l'échec d'une façon acceptable","L'éléve avec l'aide de l'adulte réagit à la déception et l'échec d'une façon acceptable","L'éléve ne réagit pas à la déception et l'échec d'une façon acceptable","2024-04-17 01:47:40","2024-04-17 01:47:40"
"","2","Habiletés comportementales-conscience de soi","Contrôle son humeur et ex.prime son mécontentement de maniére constructive","L'éleve contrôle son humeur et ex.prime son mécontentement de maniée constructive","L'éléve avec l'aide de l'adulte contrôle son humeur et ex.prime son mécontement de maniére constructive","L'éléve ne contrôle pas son humeur et n'ex.prime pas son mécontentement de maniére constructive","2024-04-17 01:47:40","2024-04-17 01:47:40"
"","2","Habiletés comportementales-conscience de soi","Utilise une stratégie de relaxation pour se calmer quand il est en colére","L'éléve utilise une stratégie de relaxation pour se calmer quand il est en colére","L'éléve avec l'intervention de l'adulte utilise une stratégie de relaxation pour se calmer quand il est en colére","L'éléve n'utilise pas une stratégie de relaxation pour se calmer quand il est en colére malgré l'intervention de l'adulte","2024-04-17 01:47:40","2024-04-17 01:47:40"
"","2","Habiletés comportementales-conscience de soi","Maintient le contrôle lorsqu'on lui demande d'arrêter une activité pour en commencer une autre","L'éléve maintient le contrôle lorsqu'on lui demande d'arrêter une activité pour en commencer une autre","Avec l'aide et le rappel de l'adulte, l'éléve maintient le contrôle lorsqu'on lui demande d'arrêter une activité pour en commencer une autre","L'éléve ne maintient pas le contrôle lorsqu'on lui demande d'arrêter une activité pour en commencer une autre","2024-04-17 01:47:40","2024-04-17 01:47:40"
"","2","Habiletés comportementales-conscience de soi","Tolére la proximité des autres","L'éléve tolére la proximité des autres","L'éléve avec l'intervention et le rappel de l'adulte tolére la proximité des autres","L'éléve ne tolére pas la proximité des autres","2024-04-17 01:47:40","2024-04-17 01:47:40"
"","2","Habiletés comportementales-conscience de soi","S'adapte aux changements dans les tâches de travail","L'éléve s'adapte aux changements dans les tâches de travail","L'éléve avec l'aide et l'intervention de de l'adulte s'adapte aux changements dans les tâches de travail","L'éleve ne s'adapte pas aux changements dans les tâches de travail malgré les différentes interventions de l'adulte","2024-04-17 01:47:40","2024-04-17 01:47:40"
"","2","Habiletés comportementales-conscience de soi","Tolére les changements dans différents contex.tes: ex. des changements dans le personnel, lieux, activités, tâches, etc.","L'éléve tolére les changements dans différentes contex.tes (personnel, lieux, activités, tâches)","L'éléve avec l'aide et le rappel de l'adulte tolére les changements dans différentes contex.tes (personnel, lieux, activités, tâches)","L'éléve ne tolére pas les changements dans différentes contex.tes (personnel, lieux, activités, tâches)","2024-04-17 01:47:40","2024-04-17 01:47:40"
"","2","Habiletés comportementales-conscience de soi","Affronte les problémes de façon constructive, sans s'énerver: ex. demande de l'aide aux adultes","L'éléve affronte les problémes de façon constructive, sans s'énerver et demande de l'aide aux adultes","L'éléve, avec l'aide de l'adulte, affonte les problémes de façon constructive et demande si besoin de l'aide aux adultes","L'éléve n'affronte pas les problémes de façon constructive, il s'énerve et ne demande pas l'aide aux adultes","2024-04-17 01:47:40","2024-04-17 01:47:40"
"","2","Habiletés comportementales-conscience de soi","Contrôle les mouvements d'autostimulation en utilisant des comportements de remplacement appropriées: ex. serre une balle sensorielle au lieu de jouer avec les mains","L'éléve contrôle les mouvements d'autostimulation en utilisant des comportements de remplacement appropriées","L'éléve, avec l'aide de l'adulte, contrôle les mouvements d'autostimulation en utilisant des comportements de remplacement appropriées","L'éléve ne contrôle pas les mouvements d'autostimulation en utilisant des comportements de remplacement appropriées","2024-04-17 01:47:40","2024-04-17 01:47:40"
"","2","Habiletés comportementales-conscience de soi","Identifie et gére des sentiments au quotidien: ex. anxiété, stress, frustration, etc","L'éléve identifie et gére des sentiments au quotidien comme quand il est anxieux, stréssé ou frustré.","Avec l'aide de l'adulte, l'éléve identifie et gére des sentiments au quotidien comme quand il est anxieux, stréssé ou frustré","L'éléve n'identifie pas ses sentiments et ne gére pas au quotidien comme quand il est anxieux, stréssé ou frustré","2024-04-17 01:47:40","2024-04-17 01:47:40"
"","2","Habiletés comportementales-conscience de soi","Utilise différentes techniques de relaxation pour gérer ses sentiments et émotions: ex. techniques de respiration, compter, etc.","L'éléve utilise différentes techniques de relaxation pour gérer ses sentiments et émotions","L'éléve avec l'aide de l'adulte utilise différentes techniques de relaxation pour gérer ses sentiments et émotions","L'éléve n'utilise pas des différentes techniques de relaxation pour gérer ses sentiments et ses émotions malgré l'intervention de l'adulte","2024-04-17 01:47:40","2024-04-17 01:47:40"
"","2","Habiletés comportementales-conscience de soi","Sait quoi faire dans des situations spécifiques: ex. se laver les mains quand elles sont sales, se mouche quand encombré, mange une collation s'il a faim","L'éléve sait quoi faire dans des situations spécifiques","L'éléve avec l'aide et le rappel de l'adulte sait quoi faire dans des situations spécifiques","L'éléve ne sait pas quoi faire dans des situations spécifiques","2024-04-17 01:47:40","2024-04-17 01:47:40"
"","2","Habiletés comportementales-conscience de soi","Exprime à l'adulte lorsqu'il se sent malade","L'éléve ex.prime à l'adulte lorsqu'il se sent malade","L'éléve avec l'intervention de l'adulte arrive à s'ex.primer lorsqu'il se sent malade","L'éléve n'ex.prime pas à l'adulte lorsqu'il se sent malade","2024-04-17 01:47:40","2024-04-17 01:47:40"
"","2","Habiletés comportementales-conscience de soi","Reconnaît le besoin d'intimité en fermant la porte de la toilette","L'éléve reconnaît le besoin d'intimité en fermant la porte de la toilette","Avec l'intervention de l'adulte, l'éléve reconnaît le besoin d'intimité en fermant la porte de la toilette","L'éléve ne reconnaît pas le besoin d'intimité en fermant la porte de la toilette malgré les nombreux rappels de l'adulte","2024-04-17 01:47:40","2024-04-17 01:47:40"
"","2","Habiletés comportementales-conscience de soi","Maintient un aspect propre et soigné","L'éléve maintient un aspect propre et soigné","Avec l'aide de l'adulte, l'éléve maintient un aspect propre et soigné","L'éléve ne maintient pas un aspect propre et soigné","2024-04-17 01:47:40","2024-04-17 01:47:40"
"","2","Habiletés comportementales-conscience de soi","Concentre son attention dans l'environnement par l'odorat, le toucher, le goût, la vue et l'ouie","L'éléve concentre son attention dans l'environnement par l'odorat, le toucher, le goût, la vue et l'ouie","Avec l'aide et le rappel de l'adulte, l'éléve concentre son attention dans l'environnement par l'odorat, le toucher, le goût, la vue et l'ouie","L'éléve ne concentre pas son attention dans l'environnement par l'odorat, le toucher, le goût, la vue et l'ouie.","2024-04-17 01:47:40","2024-04-17 01:47:40"
"","2","Habiletés comportementales-relations sociales","Montre de l'intérêt face aux autres: ex. regarde, sourit, parle","L'éléve montre de l'intérêt face aux autres","Avec l'intervention de l'adulte, l'éléve montre de l'intérêt face aux autres","L'éléve ne montre pas d'intérêt face aux autres","2024-04-17 01:47:40","2024-04-17 01:47:40"
"","2","Habiletés comportementales-relations sociales","Se refére aux autres en utilisant leur prénom","L'éléve se refére aux autres en utilisant leur prénom","Avec l'aide de l'adulte, l'éléve se refére aux autres en utilisant leur prénom","L'éléve ne se refére pas aux autres en utilisant leur prénom","2024-04-17 01:47:40","2024-04-17 01:47:40"
"","2","Habiletés comportementales-relations sociales","Demande la permission pour emprunter les biens des autres ou pour emprunter des matériaux et de l'équipement utilisés par un autre","L'éléve demande la permisson pour emprunter les biens des autres ou pour emprunter des matériaux et de l'équipement utilisés par un autre","Avec l'intervention de l'adulte, l'éléve demande la permisson pour emprunter les biens des autres ou pour emprunter des matériaux et de l'équipement utilisés par un autre","L'éléve ne demande pas la permisson pour emprunter les biens des autres ou pour emprunter des matériaux et de l'équipement utilisés par un autre","2024-04-17 01:47:40","2024-04-17 01:47:40"
"","2","Habiletés comportementales-relations sociales","Partage et attend son tour en utilisant les matériaux/équipements scolaires : ex. attend son tour pour utiliser l'ordinateur","L'éléve partage et attend son tour en utilisant les matériaux/équipements scolaires","Avec l'intervention de l'adulte, l'éléve partage et attend son tour en utilisant les matériaux/équipements scolaires","L'éléve ne partage pas et n'attend pas son tour en utilisant les matériaux/équipements scolaires","2024-04-17 01:47:40","2024-04-17 01:47:40"
"","2","Habiletés comportementales-relations sociales","Agit de façon polie et courtoise avec les autres ex.: dit ""merci"", ""s'il vous plaît"", ""ex.cusez-moi"" lorsque nécéssaire","L'éléve agit de façon polie et courtoise avec les autres","Avec l'aide et le rappel de l'adulte, l'éléve agit de façon polie et courtoise avec les autres","L'éléve n'agit pas de façon polie et courtoise avec les autres","2024-04-17 01:47:40","2024-04-17 01:47:40"
"","2","Habiletés comportementales-relations sociales","Essaie d'aider en faisant des commissions lorsqu'on lui demande ou en anticipant ce qui est nécéssaire","L'éléve essaie d'aider en faisant des commissions lorsqu'on lui demande ou en anticipant ce qui est nécéssaire","Avec l'aide et le rappel de l'adulte, l'éléve essaie d'aider en faisant des comissions lorsqu'on lui demande ou en anticipant ce qui est nécéssaire","L'éléve n'essaie pas d'aider en faisant des comissions lorsqu'on lui demande ou en anticipant ce qui est nécéssaire","2024-04-17 01:47:40","2024-04-17 01:47:40"
"","2","Habiletés comportementales-relations sociales","Etablit des amitiés","L'éléve établit des amitiés","Avec l'aide de l'adulte, l'éléve établit des amitiés","L'éléve n'établit pas des amitiés","2024-04-17 01:47:40","2024-04-17 01:47:40"
"","2","Habiletés comportementales-relations sociales","Donne du réconfort lorsque quelqu'un se sent triste ou blessé","L'éléve donne du réconfort lorsque quelqu'un se sent triste ou bléssé","Avec l'aide de l'adulte, l'éléve donne du réconfort lorsque quelqu'un se sent triste ou bléssé","L'éléve ne donne pas du réconfort lorsque quelqu'un se sent triste ou bléssé","2024-04-17 01:47:40","2024-04-17 01:47:40"
"","2","Habiletés comportementales-relations sociales","Montre de la générosité envers les personnes familiéres","L'éléve montre de la générosité envers les personnes familiéres","Avec l'aide de l'adulte, l'éléve montre de la générosité envers les personnes familiéres","L'éléve ne montre pas de la générosité envers les personnes familiéres","2024-04-17 01:47:40","2024-04-17 01:47:40"
"","2","Habiletés comportementales-relations sociales","Partage de l'information avec ses pairs sur des événements sociaux","L'éléve partage l'information avec ses pairs sur des événements sociaux","Avec l'aide de l'adulte, l'éléve partage l'information avec ses pairs sur des événements sociaux","L'éléve ne partage pas l'information avec ses pairs sur des événements sociaux","2024-04-17 01:47:40","2024-04-17 01:47:40"
"","2","Habiletés comportementales-relations sociales","Tolére la proximité physique des autres: ex. debout ou assis prés des autres , sans se fâcher","L'éléve tolére la proximité physique des autres","Avec l'aide de l'adulte, l'éléve tolére la proximité physique des autres","L' éléve ne tolére pas la proximité physique des autres","2024-04-17 01:47:40","2024-04-17 01:47:40"
"","2","Habiletés comportementales-relations sociales","Réponds aux demandes des adultes dans un temps spécifique","L'éléve réponds aux demandes des adultes dans un temps spécifique","Avec l'aide et le rappel de l'adulte, l'éléve réponds aux demandes des adultes dans un temps spécifique","L'éléve ne réponds pas aux demandes des adultes dans un temps spécifique malgrés les rappels","2024-04-17 01:47:40","2024-04-17 01:47:40"
"","2","Habiletés comportementales-relations sociales","Identifie les comportements qui peuvent alimenter un conflit: ex. taquineries, insultes, agréssions physiques, jurons, etc.","L'éléve identifie les comportements qui peuvent alimenter un conflit","Avec l'intervention de l'adulte, l'éléve identifie les comportements qui peuvent alimenter un conflit","L'éléve n'identifie pas les comportements qui peuvent alimenter un conflit","2024-04-17 01:47:40","2024-04-17 01:47:40"
"","2","Habiletés comportementales-relations sociales","Utilise des stratégies simples pour résoudre des conflits","L'éléve utilise des stratégies simples pour résoudre des conflits","Avec l'aide de l'adulte, l'éléve utilise des stratégies simples pour résoudre des conflits","L'éléve n'utilise pas des stratégies simples pour résoudre des conflits","2024-04-17 01:47:40","2024-04-17 01:47:40"
"","2","Habiletés comportementales-relations sociales","Cherche l'aide d'un adulte lors des conflits avec des pairs","L'éléve cherche l'aide d'un adulte lors des conflits avec des pairs","Avec le rappel de l'adulte, l'éléve cherche l'aide d'un adulte lors des conflits avec des pairs","L'éléve ne cherche pas l'aide d'un adulte lors des conflits avec des pairs","2024-04-17 01:47:40","2024-04-17 01:47:40"
"","2","Habiletés comportementales-relations sociales","Coopére avec les autres: ex. partage des matériaux ou des jouets, propose de l'aide, encourage les autres, attend son tour, etc.","L'éléve coopére avec les autres (partage des matériaux ou jouets, propose de l'aide, encourage les autres, attend son tour)","Avec l'aide de l'adulte, l'éléve coopére avec les autres (partage des matériaux ou jouets, propose de l'aide, encourage les autres, attend son tour)","L'éléve ne coopére avec les autres (ne partage pas des matériaux ou jouets, ne propose pas de l'aide, n'encourage pas les autres, n'attend pas son tour)","2024-04-17 01:47:40","2024-04-17 01:47:40"
"","2","Habiletés comportementales-jeu et loisirs","Utilise le contact visuel pour maintenir une interaction sociale","L'éléve utilise le contact visuel pour maintenir une interaction sociale","Avec l'aide de l'adulte, l'éléve utilise le contact visuel pour maintenir une interaction sociale","L'éléve n'utilise pas le contact visuel pour maintenir une interaction sociale malgré les différentes interventions de l'adulte","2024-04-17 01:47:40","2024-04-17 01:47:40"
"","2","Habiletés comportementales-jeu et loisirs","Joue dans un groupe sans perturber les autres","L'éléve joue dans un groupe sans perturber les autres","Avec l'aide et le rappel de l'adulte, l'éléve joue dans un groupe sans perturber les autres","Dans une situation de jeu, l'éléve perturbe les autres et ne suit pas les consignes de groupe","2024-04-17 01:47:40","2024-04-17 01:47:40"
"","2","Habiletés comportementales-jeu et loisirs","Suit les régles du jeu ou de l'activité","L'éléve suit les régles du jeu ou de l'activité","Avec un rappel fréquent des consignes de l'adulte, l'éléve arrive à suivre les régles du jeu","L'éléve ne suit pas les régles du jeu ou de l'activité malgré les rappels de l'adulte","2024-04-17 01:47:40","2024-04-17 01:47:40"
"","2","Habiletés comportementales-jeu et loisirs","Participe aux jeux imaginatifs avec d'autres enfants avec ex.: prend le rôle d'un policier, d'un héros d'action ou d'un adulte en faisant différentes tâches","L'éléve participe aux jeux imaginatifs avec d'autres enfants. Il prend le rôle d'un policier, d'un héros d'action ou d'un adulte en faisant différentes tâches","Avec l'aide de l'adulte, l'éléve participe aux jeux imaginatifs avec d'autres enfants. Il peut grâce aux stimulations de l'adulte prendre le rôle d'un policier, d'un héros d'action ou d'un adulte en faisant différentes tâches","L'éléve ne participe pas aux jeux imaginatifs avec d'autres enfants. Il ne prend pas le rôle d'un policier, d'un héros d'action ou d'un adulte en faisant différentes tâches. Il n'imite d'aucune maniére lors des jeux imaginatifs","2024-04-17 01:47:40","2024-04-17 01:47:40"
"","2","Habiletés comportementales-jeu et loisirs","Suit les régles et les instructions lors des jeux en groupe : ex. jeux de société, chaises musicales etc.","L'éléve suit les régles et les instructions lors des jeux en groupe","Avec le rappel sans cesse de l'adulte, l'éléve arrive à suivre les régles et les instructions lors des jeux en groupe et de participer ainsi adéquatement aux jeux","L'éléve ne suit pas les régles et les instructions lors des jeux en groupe","2024-04-17 01:47:40","2024-04-17 01:47:40"
"","2","Habiletés comportementales-jeu et loisirs","S'efforce dans des situations de jeu compétitif ex.: écoute les régles du jeu, est attentif à l'action du jeu, participe activement au déroulement, etc.","L'éléve s'efforce dans des situations de jeu compétitifs. Il écoute les régles du jeu. Il est attentif à l'action du jeu et participe activement au déroulement","Avec le rappel de l'adulte, l'éléve s'efforce dans des situations de jeu compétitifs. Il écoute avec rappel de l'adulte les régles du jeu. Il est attentif à l'action du jeu et participe activement au déroulement avec l'aide de l'adulte","L'éleve ne s'efforce pas dans des situations de jeu compétitifs. Il n'écoute pas les régles du jeu. Il n'est pas attentif à l'action du jeu et ne participe pas activement au déroulement.","2024-04-17 01:47:40","2024-04-17 01:47:40"
"","2","Habiletés comportementales-jeu et loisirs","Suit les consignes de groupe, telles qu'arrêter, regarder, écouter, etc.","L'éléve suit les consignes de groupe, telles qu'arrêter, regarder, écouter etc.","L'éléve suit les consignes de groupe, telles qu'arrêter, regarder, écouter etc mais avec l'aide et le rappel des consignes sans cesse de l'adulte","L'éléve malgré les différentes relances et rappels de l'adulte ne suit pas les consignes de groupe, telles qu'arrêter, regarder, écouter etc.","2024-04-17 01:47:40","2024-04-17 01:47:40"
"","2","Habiletés comportementales-jeu et loisirs","Respecte les régles et les instructions de groupe en classe","L'éléve respecte les régles et les instructions de groupe en classe. Il réagit positivement aux différentes consignes en classe","L'éléve parvient avec rappel de l'adulte à respecter les régles et les instructions de groupe en classe. Il réagit positivement aux différentes consignes en classe si l'adulte le relance souvent","L'éléve ne respecte pas les régles et les instructions de groupe en classe. Il ne réagit pas convenablement aux consignes de classe","2024-04-17 01:47:40","2024-04-17 01:47:40"
"","2","Habiletés comportementales-jeu et loisirs","Participe de façon coopérative aux activités de groupe non structurées","L'éléve participe de façon coopérative aux activités de groupe non structurées. Il est disponible et coopére facilement avec l'adulte et ses pairs","L'éléve avec rappel de l'adulte participe de façon coopérative aux activités de groupe non structurées. Il est avec l'aide de l'adulte disponible et coopére avec l'adulte et ses pairs","L'éléve ne participe pas de façon coopérative aux activités de groupe non structurées. Il n'est pas disponible et ne coopére pas avec l'adulte et ses pairs","2024-04-17 01:47:40","2024-04-17 01:47:40"
"","2","Habiletés comportementales-jeu et loisirs","Joue à des jeux de société avec des pairs ou un adulte","L'éléve joue à des jeux de société avec des pairs ou un adulte","Avec l'aide de l'adulte, l'éléve parvient à jouer à des jeux de société avec des pairs ou un adulte","L'éléve ne joue pas à des jeux de société avec des pairs ou un adulte malgré l'aide de l'adulte","2024-04-17 01:47:40","2024-04-17 01:47:40"
"","2","Habiletés comportementales-jeu et loisirs","Choisit sa lecture en fonction de ses intérêts personnels ex.: magazines, livres etc.","L'éléve choisit sa lecture en fonction de ses intérêts personnels commes les magazines, livres etc. :","L'éléve avec l'aide de l'adulte parvient à choisir sa lecture en fonction de ses intérêts personnels commes les magazines, livres etc","L'éléve ne choisit pas sa lecture même en fonction de ses intérêts personnels commes les magazines, livres etc","2024-04-17 01:47:40","2024-04-17 01:47:40"
"","2","Habiletés comportementales-jeu et loisirs","Recherche des informations dans des livres ou magazines en fonction de ses intérêts personnels","L'éléve recherche des informations dans des livres ou magazines en fonction de ses intérêts personnels. Il est capable d'aller chercher le livre ou magazine qui l'interesse et de chercher ce dont il a besoin","L'éléve avec l'appui de l'adulte parvient à rechercher des informations dans des livres ou magazines en fonction de ses intérêts personnels","L'éléve ne recherche pas des informations dans des livres ou magazines en fonction de ses intérêts personnels. Il n'est pas capable d'aller chercher le livre ou magazine qui l'interesse et de chercher ce dont il a besoin","2024-04-17 01:47:40","2024-04-17 01:47:40"
"","2","Habiletés comportementales-jeu et loisirs","Lit ou regarde des livres et des magazines pendant 10 minutes ou plus","L'éléve lit ou regarde des livres et des magazines pendant 10 minutes ou plus","Avec l'aide et le rappel de l'adulte arrive à lire ou regarder des livres et des magazines pendant 10 minutes ou plus","L'éléve ne lit et ne regarde pas des livres et des magazines pendant 10 minutes ou plus. Il se déconcentre facilement et s'en interresse à peine.","2024-04-17 01:47:40","2024-04-17 01:47:40"
"","2","Habiletés comportementales-jeu et loisirs","S'occupe avec un casse tête pendant 10 minutes ou plus","L'éléve s'occupe avec un casse tête pendant 10 minutes ou plus sans intervention de l'adulte","L'éléve avec l'intervention d'un adulte parvient à s'occuper avec un casse tête pendant 10 minutes ou plus","L'éléve ne parvient pas à s'occuper avec un casse tête pendant 10 minutes ou plus. Il passe facilement à autre chose au bout d'un moment","2024-04-17 01:47:40","2024-04-17 01:47:40"
"","2","Habiletés comportementales-jeu et loisirs","S'engage dans une activité artistique pendant son temps de loisir","L'éléve s'engage dans une activité artistique pendant son temps de loisir et montre beaucoup d'intérêt dans sa tâche","L'éléve avec l'intervention de l'adulte s'engage dans une activité artistique pendant son temps de loisir","L'éléve ne s'engage pas dans une activité artistique pendant son temps de loisir.","2024-04-17 01:47:40","2024-04-17 01:47:40"
"","2","Habiletés comportementales-jeu et loisirs","Prend soin des plantes","L'éléve prend soin des plantes et s'investit dans les activités de jardinage","L'éléve avec l'aide de l'adulte prend soin des plantes","L'éléve ne prend pas soin des plantes et ne montre pas grand intérêt pour les activités de jardinage","2024-04-17 01:47:40","2024-04-17 01:47:40"
"","2","Habiletés comportementales-jeu et loisirs","Joue à différents jeux de loisir sur l'ordinateur","L'éléve s'interresse à l'ordinateur et joue à diiférents jeux dessus. Il arrive à l'utiliser pour ses activités de loisir sans l'intervention de l'adulte","Avec l'aide de l'adulte qui le guide dans l'utilisation, l'éléve parvient à jouer à différents jeux de loisir sur l'ordinateur","L'éléve ne joue pas à différents jeux de loisir sur l'ordinateur. Il ne parvient pas à l'utiliser convenablement.","2024-04-17 01:47:40","2024-04-17 01:47:40"
"","2","Habiletés comportementales-jeu et loisirs","Recherche des informations sur l'ordinateur en fonction de ses intérêts personnels","L'éléve recherche des informations sur l'ordinateur en fonction de ses intérêts personnels. Il l'utilise convenablement sans assistance","Avec l'aide et l'appui de l'adulte qui le guide, l'éléve parvient à rechercher des informations sur l'ordinateur en fonction de ses intérêts personnels","L'éléve ne recherche pas des informations sur l'ordinateur en fonction de ses intérêts personnels. Il ne l'utilise pas convenablement malgré l'assistance de l'adulte","2024-04-17 01:47:40","2024-04-17 01:47:40"
"","2","Habiletés comportementales-jeu et loisirs","Cherche ses sites web favoris sur internet ex.: voitures, animaux etc.","L'éléve cherche ses sites web favoris sur internet","Avec l'aide et l'appui de l'adulte, l'éléve cherche ses sites web favoris sur internet","L'éléve ne cherche pas ses sites web favoris sur internet malgré l'intervention de l'adulte","2024-04-17 01:47:40","2024-04-17 01:47:40"
"","2","Habiletés comportementales-jeu et loisirs","Participe à des activités de papier et crayon ex.: mots cachés, des labyrinthes, point à point","L'éléve participe à des activités de papier et crayon: mots caché, labyrinthes, point à point avec soin et intérêt","L'éléve avec l'intervention de l'adulte participe à des activités de papier et crayon: mots caché, labyrinthes, point à point avec soin et intérêt","L'éleve ne participe pas à des activités de papier et crayon: mots caché, labyrinthes, point à point. Il ne s'en interresse pas beaucoup malgré plusieurs relances de l'adulte","2024-04-17 01:47:40","2024-04-17 01:47:40"
"","2","Habiletés comportementales-jeu et loisirs","Fait des ex.ercices de conditionnement physique réguliérement","L'éléve fait des ex.ercices de conditionnement physique réguliérement. Il s'applique et s'investit dans les différents ex.ercices","Avec l'intervention de l'adulte, l'éléve fait des ex.ercices de conditionnement physique réguliérement. Il s'applique dans les différents ex.ercices avec l'aide de l'adulte","L'éléve ne fait pas des ex.ercices de conditionnement physique réguliérement. Il ne s'applique pas et ne s'investit pas dans les différents ex.ercices","2024-04-17 01:47:40","2024-04-17 01:47:40"
"","2","Habiletés comportementales-vie quotidienne","Organise son espace pour le repas","L'éléve organise son espace pour le repas","Avec l'aide de l'adulte, l'éléve organise son espace pour le repas","L'éléve n'organise pas son espace pour le repas malgré l'intervention de l'adulte","2024-04-17 01:47:40","2024-04-17 01:47:40"
"","2","Habiletés comportementales-vie quotidienne","Sert sa propre nourriture","L'éléve sert sa propre nourriture sans l'intervention d'un tiers","Avec l'aide de l'adulte, l'éléve sert sa propre nourriture","L'éléve ne sert pas sa propre nourriture malgré l'aide d'un tiers","2024-04-17 01:47:40","2024-04-17 01:47:40"
"","2","Habiletés comportementales-vie quotidienne","Mange son repas de façon adéquate (ustensiles, séquence…)","L'éléve mange son repas de façon adéquate (ustensiles, séquence)","Avec l'intervention de l'adulte, l'éléve mange son repas de façon adéquate (ustensiles, séquence)","L'éléve ne mange pas son repas de façon adéquate (ustensiles, séquence) même avec l'intervention de l'adulte","2024-04-17 01:47:40","2024-04-17 01:47:40"
"","2","Habiletés comportementales-vie quotidienne","Finit son repas dans le temps alloué","L'éléve finit son repas dans le temps alloué","L'éléve finit son repas dans le temps alloué avec le rappel et l'intervention de l'adulte","L'éléve ne finit pas son repas dans le temps alloué malgré l'intervention de l'adulte","2024-04-17 01:47:40","2024-04-17 01:47:40"
"","2","Habiletés comportementales-vie quotidienne","Nettoie après avoir mangé (jette les déchets, essuie la table, débarasse son assiette)","L'éléve nettoie après avoir mangé. Il jette les déchets, essuie la table et débarasse son assiétte.","Avec l'intervention de l'adulte, l'éléve nettoie après avoir mangé. Il jette les déchets, essuie la table et débarasse son assiétte","L'éléve ne nettoie pas après avoir mangé. Il ne jette pas les déchets, n'essuie pas la table et ne débarasse pas son assiétte malgré les différentes interventions de l'adulte","2024-04-17 01:47:40","2024-04-17 01:47:40"","
"","2","Habiletés comportementales-vie quotidienne","Se lave les mains et s'essuie la bouche","L'éléve se lave les mains et s'essuie la bouche apres le repas","L'éléve avec le rappel et l'aide de l'adulte parvient à se laver les mains et à s'essuyer la bouche apres le repas","L'éléve ne se lave pas les mains et ne s'essuie pas la bouche apres le repas malgré le rappel de l'adulte","2024-04-17 01:47:40","2024-04-17 01:47:40"
"","2","Habiletés comportementales-vie quotidienne","Entre et sort de l'école en coopérant","L'éléve entre et sort de l'école en coopérant","Avec l'intervention de l'adulte, l'éléve coopére et entre et sort de l'école","L'éléve ne coopére pas pour l'entrée et la sortie de l'école malgré les relances de l'adulte","2024-04-17 01:47:40","2024-04-17 01:47:40"
"","2","Habiletés comportementales-vie quotidienne","Maintient un comportement social approprié dans les transitions entre la cour d'école et la classe","L'éléve maintient un comportement social approprié dans les transitions entre la cour d'école et la classe. Il fait la transition de maniére indépendante","Avec l'intervention de l'adulte, l'éléve maintient un comportement social approprié dans les transitions entre la cour d'école et la classe","L'éléve ne maintient pas un comportement social approprié dans les transitions entre la cour d'école et la classe même avec l'intervention de l'adulte. Il perturbe malgré les différents rappels de l'adulte.","2024-04-17 01:47:40","2024-04-17 01:47:40"
"","2","Habiletés comportementales-vie quotidienne","Décrit l'ordre des activités quotidiennnes de l'école: maintenant, bientôt, plus tard, etc.","L'éléve décrit l'ordre des activités quotidiennes de l'école: maintenant, bientôt, plus tard etc.","L'éléve avec aide de l'adulte parvient à décrire l'ordre des activités quotidiennes de l'école: maintenant, bientôt, plus tard etc","L'éléve ne décrit pas l'ordre des activités quotidiennes de l'école: maintenant, bientôt, plus tard etc malgré l'aide de l'adulte","2024-04-17 01:47:40","2024-04-17 01:47:40"
"","2","Habiletés comportementales-vie quotidienne","Lit l'heure avec précision jusqu'à l'heure","L'éléve lit l'heure avec précision jusqu'à l'heure","L'éléve avec l'aide de l'adulte arrive à lire l'heure avec précision jusqu'à l'heure","L'éléve ne lit pas l'heure avec précision jusqu'à l'heure malgré l'appui de l'adulte","2024-04-17 01:47:40","2024-04-17 01:47:40"
"","2","Habiletés comportementales-vie quotidienne","Se refére à une horloge ou une montre pour éxécuter au bon moment chacune des activités prévues à l'école","L'éléve se refére à une horloge ou une montre pour éxécuter au bon moment chacune des activités prévues à l'école","Avec l'aide de l'adulte qui lui rappel comment faire l'éléve parvient à se reférer à une horloge ou une montre pour éxécuter au bon moment chacune des activités prévues à l'école","L'éléve ne se refére pas à une horloge ou une montre pour éxécuter au bon moment chacune des activités prévues à l'école","2024-04-17 01:47:40","2024-04-17 01:47:40"
"","2","Habiletés comportementales-vie quotidienne","Nomme/Ecrit les jours de la semaine en ordre","L'éléve nomme/écrit les jours de la semaine en ordre","L'éléve avec l'aide de l'adulte nomme/écrit les jours de la semaine en ordre","L'éléve ne nomme pas, n'écrit pas les jours de la semaine en ordre","2024-04-17 01:47:40","2024-04-17 01:47:40"
"","2","Habiletés comportementales-vie quotidienne","Nomme/Ecrit les mois de l'année en ordre","L'éléve nomme/écrit les mois de l'année en ordre","Avec l'aide de l'adulte, l'éléve nomme/écrit les mois de l'année en ordre","L'éléve ne nomme pas/n'écrit pas les mois de l'année en ordre","2024-04-17 01:47:40","2024-04-17 01:47:40"
"","2","Habiletés comportementales-vie quotidienne","Utilise un calendrier pour déterminer la date","L'éléve utilise un calendrier pour déterminer la date","Avec l'aide de l'adulte, l'éléve utilise un calendrier pour déterminer la date","L'éléve n'utilise pas un calendrier pour déterminer la date","2024-04-17 01:47:40","2024-04-17 01:47:40"
"","2","Habiletés comportementales-vie quotidienne","Identifie son anniversaire sur un calendrier","L'éléve identifie son anniversaire sur un calendrier","L'éléve avec l'aide de l'adulte identifie son anniversaire sur un calendrier","L'éléve n' identifie pas son anniversaire sur un calendrier","2024-04-17 01:47:40","2024-04-17 01:47:40"
"","2","Habiletés comportementales-vie quotidienne","Décrit les activités/événements qui ont eu lieu ""hier"", ex.:""j'ai un rendez-vous chez le dentiste hier""","L'éléve décrit les activités/événements qui ont eu lieu ""hier""","L'éléve avec l'aide de l'adulte décrit les activités/événements qui ont eu lieu ""hier""","L'éléve ne décrit pas les activités/événements qui ont eu lieu ""hier""","2024-04-17 01:47:40","2024-04-17 01:47:40"
"","2","Habiletés comportementales-vie quotidienne","Décrit les activités/événements qui sont prévus pour ""demain"", ex.: ""je vais chez le medecin demain""","L'éléve décrit les activités/événements qui sont prévus pour ""demain""","L'éléve avec l'aide de l'adulte décrit les activités/événements qui sont prévus ""demain""","L'éléve ne décrit pas les activités/événements qui sont prévus pour ""demain""","2024-04-17 01:47:40","2024-04-17 01:47:40"
"","2","Habiletés de communication-réceptive","Répond à son prénom en établissant un contact visuel avec le locuteur","L'éléve répond à son prénom en établissant un contact visuel avec le locuteur","L'éléve avec l'intervention de l'adulte répond à son prénom en établissant un contact visuel avec le locuteur","L'éléve ne répond pas à son prénom en établissant nun contact visuel avec le locuteur","2024-04-17 01:47:40","2024-04-17 01:47:40"
"","2","Habiletés de communication-réceptive","Répond aux questions avec ""que"", ex.: ""Qu'est -ce que c'est?"", ""Que veux-tu?"", ""Que fais-tu?""","L'éléve répond aux questions avec ""que"", ex.: ""Qu'est -ce que c'est?"", ""Que veux-tu?"", ""Que fais-tu?""","L'éléve avec l'aide de l'adulte répond aux questions ""que"", ex.: ""Qu'est -ce que c'est?"", ""Que veux-tu?"", ""Que fais-tu?""","L'éléve ne répond pas aux questions ""que"", ex.: ""Qu'est -ce que c'est?"", ""Que veux-tu?"", ""Que fais-tu?"" malgré l'aide de l'adulte","2024-04-17 01:47:40","2024-04-17 01:47:40"
"","2","Habiletés de communication-réceptive","Répond à la question ""Quel est ton nom?""","L'éléve répond à la question ""Quel est ton nom?""","L'éléve avec l'aide de l'adulte répond à la question ""Quel est ton nom?""","L'éléve ne répond pas à la question ""Quel est ton nom?""","2024-04-17 01:47:40","2024-04-17 01:47:40"
"","2","Habiletés de communication-réceptive","Répond aux questions avec ""qui""","L'éléve répond aux questions avec ""qui""","L'éléve répond aux questions avec ""qui""avec l'aide de l'adulte","L'éléve ne répond pas aux questions avec ""qui""","2024-04-17 01:47:40","2024-04-17 01:47:40"
"","2","Habiletés de communication-réceptive","Répond aux questions avec ""où""","L'éléve répond aux questions avec ""où""","L'éléve avec l'aide de l'adulte répond aux questions avec ""où""","L'éléve ne répond pas aux questions avec ""où""","2024-04-17 01:47:40","2024-04-17 01:47:40"
"","2","Habiletés de communication-réceptive","Répond aux questions avec ""quand""","L'éléve répond aux questions avec ""quand""","L'éléve avec l'aide de l'adulte répond aux questions avec ""quand""","L'éléve ne répond pas aux questions avec ""quand""","2024-04-17 01:47:40","2024-04-17 01:47:40"
"","2","Habiletés de communication-réceptive","Répond aux questions avec ""comment""","L'éléve répond aux questions avec ""comment""","L'éléve avec l'aide de l'adulte répond aux questions avec ""comment""","L'éléve ne répond pas aux questions avec ""comment""","2024-04-17 01:47:40","2024-04-17 01:47:40"
"","2","Habiletés de communication-réceptive","Répond aux questions avec ""à qui"" , ex.: ""A qui est-ce manteau?""","L'éléve répond aux questions avec ""à qui""","L'éléve avec l'aide de l'adulte répond aux questions avec ""à qui""","L'éléve ne répond pas aux questions avec ""à qui""","2024-04-17 01:47:40","2024-04-17 01:47:40"
"","2","Habiletés de communication-réceptive","Répond à différentes questions sociales, ex.: ""Quel âge as-tu?"", As-tu des sœurs ou des fréres?"", ""Quelle est ton école?"", etc.","L'éléve répond à différentes questions sociales, ex.: ""Quel âge as-tu?"", As-tu des sœurs ou des fréres?"", ""Quelle est ton école?"", etc.","L'éléve répond à différentes questions sociales avec l'aide de l'adulte ex.: ""Quel âge as-tu?"", As-tu des sœurs ou des fréres?"", ""Quelle est ton école?"", etc.","L'éléve ne répond pas à différentes questions sociales, ex.: ""Quel âge as-tu?"", As-tu des sœurs ou des fréres?"", ""Quelle est ton école?"", etc.","2024-04-17 01:47:40","2024-04-17 01:47:40"
"","2","Habiletés de communication-réceptive","Répond à des questions fermées (oui/non) commençant par ""Est-ce que…?"", ex.: Est-ce que tu veux jouer?"", ""Est-ce que tu as un bonbon?""","L'éléve répond à des questions fermées (oui/non) commençant par ""Est-ce que…?"", ex.: Est-ce que tu veux jouer?"", ""Est-ce que tu as un bonbon?""","L'éléve répond avec l'aide de l'adulte à des questions fermées (oui/non) commençant par ""Est-ce que…?"", ex.: Est-ce que tu veux jouer?"", ""Est-ce que tu as un bonbon?""","L'éléve ne répond pas à des questions fermées (oui/non) commençant par ""Est-ce que…?"", ex.: Est-ce que tu veux jouer?"", ""Est-ce que tu as un bonbon?""","2024-04-17 01:47:40","2024-04-17 01:47:40"
"","2","Habiletés de communication-réceptive","Répond de façon appropriée aux questions ouvertes","L'éléve répond de façon appropriée aux questions ouvertes","L'éléve avec l'aide de l'adulte répond de façon appropriée aux questions ouvertes","L'éléve ne répond pas de façon appropriée aux questions ouvertes","2024-04-17 01:47:40","2024-04-17 01:47:40"
"","2","Habiletés de communication-réceptive","Répond ""Je ne sais pas"" lorsqu'il ne connaît pas la réponse","L'éléve répond ""Je ne sais pas"" lorsqu'il ne connaît pas la réponse","Avec l'intervention de l'adulte, l'éleve parvient à répondre ""Je ne sais pas"" lorsqu'il ne connaît pas la réponse","L'éléve ne répond pas par ""Je ne sais pas"" lorsqu'il ne connaît pas la réponse","2024-04-17 01:47:40","2024-04-17 01:47:40"
"","2","Habiletés de communication-expressive","Réagit à la personne qui parle, ex.: regarde, sourit, parle etc.","L'éléve réagit à la personne qui parle, ex.: regarde, sourit, parle etc.","L'éléve avec l'aide de l'adulte réagit à la personne qui parle, ex.: regarde, sourit, parle etc","L'éléve ne réagit pas à la personne qui parle, ex.: ne regarde pas , ne sourit pas, ne parle pas etc","2024-04-17 01:47:40","2024-04-17 01:47:40"
"","2","Habiletés de communication-expressive","Initie une conversation spontanée avec les adultes et les pairs en faisant un contact visuel, touchant, saluant etc.","L'éléve initie une conversation spontanée avec les adultes et les pairs en faisant un contact visuel, touchant, saluant etc.","Avec l'aide de l'adulte, l'éléve initie une conversation spontanée avec les adultes et les pairs en faisant un contact visuel, touchant, saluant etc.","L'éléve n'initie pas une conversation spontanée avec les adultes et les pairs en faisant un contact visuel, touchant, saluant etc.","2024-04-17 01:47:40","2024-04-17 01:47:40"
"","2","Habiletés de communication-expressive","Fait des demandes de base (toilette, pause, faim, soif, activités etc.)","L'éléve fait des demandes de base (toilette, pause, faim, soif, activités etc.)","Avec l'aide de l'adulte, l'éléve fait des demandes de base (toilette, pause, faim, soif, activités etc.)","L'éléve ne fait pas des demandes de base (toilette, pause, faim, soif, activités etc.) malgré l'intervention de l'adulte","2024-04-17 01:47:40","2024-04-17 01:47:40"
"","2","Habiletés de communication-expressive","Dit ""Bonjour"" et ""Au revoir"" de maniére appopriée en initiant une salutation ou en réponse aux salutations","L'éléve dit ""Bonjour"" et ""Au revoir"" de maniére appopriée en initiant une salutation ou en réponse aux salutations","L'éléve avec l'aide et le rappel de l'adulte dit ""Bonjour"" et ""Au revoir"" de maniére appopriée en initiant une salutation ou en réponse aux salutations","L'éléve ne dit pas ""Bonjour"" et ""Au revoir"" de maniére appopriée en initiant une salutation ou en réponse aux salutations","2024-04-17 01:47:40","2024-04-17 01:47:40"
"","2","Habiletés de communication-expressive","Demande des informations (sens, action, etc.)","L'éléve demande des informations sur un sens ou une action","L'éléve avec l'aide de l'adulte demande des informations sur un sens ou une action","L'éléve ne demande pas des informations sur un sens ou une action","2024-04-17 01:47:40","2024-04-17 01:47:40"
"","2","Habiletés de communication-expressive","Exprime des sentiments: émotions et états physiques (calme, heureux, faché, peur, fatigué, anxieux, ex.cité)","L'éléve ex.prime des sentiments: émotions et états physiques (calme, heureux, faché, peur, fatigué, anxieux, ex.cité)","L'éléve avec l'aide de l'adulte ex.prime des sentiments: émotions et états physiques (calme, heureux, faché, peur, fatigué, anxieux, ex.cité)","L'éléve n'ex.prime pas des sentiments: émotions et états physiques (calme, heureux, faché, peur, fatigué, anxieux, ex.cité)","2024-04-17 01:47:40","2024-04-17 01:47:40"
"","2","Habiletés de communication-expressive","Se refére à lui-même avec les pronoms ""moi"" ou ""je""","L'éléve se refére à lui-même avec les pronoms ""moi"" ou ""je""","L'éléve avec l'intervention de l'adulte parvient à se reférer à lui-même avec les pronoms ""moi"" ou ""je""","L'éléve ne se refére pas à lui-même avec les pronoms ""moi"" ou ""je"" malgré le rappel de l'adulte","2024-04-17 01:47:40","2024-04-17 01:47:40"
"","2","Habiletés de communication-expressive","Se présente aux autres en utilisant son prénom","L'éléve se présente aux autres en utilisant son prénom","Avec l'intervention de l'adulte, l'éléve se présente aux autres en utilisant son prénom","L'éléve ne se présente pas aux autres en utilisant son prénom","2024-04-17 01:47:40","2024-04-17 01:47:40"
"","2","Habiletés de communication-expressive","Fait des références aux personnes familiéres en utilisant leur prénom, ex.: prénoms des membres de sa famille, pairs, enseignants, etc.","L'éléve fait des références aux personnes familiéres en utilisant leur prénom, ex.: prénoms des membres de sa famille, pairs, enseignants, etc.","L'éléve avec la stimulation de l'adulte parvient à faire des références aux personnes familiéres en utilisant leur prénom, ex.: prénoms des membres de sa famille, pairs, enseignants, etc","L'éléve ne fait pas des références aux personnes familiéres en utilisant leur prénom, ex.: prénoms des membres de sa famille, pairs, enseignants, etc","2024-04-17 01:47:40","2024-04-17 01:47:40"
"","2","Habiletés de communication-expressive","Décrit des emplacements, ex.: en haut, en bas, dans, sur, sous, derriére, etc.","L'éléve décrit des emplacements, ex.: en haut, en bas, dans, sur, sous, derriére, etc.","L'éléve avec l'aide de l'adulte décrit des emplacements, ex.: en haut, en bas, dans, sur, sous, derriére, etc","L'éléve ne décrit pas des emplacements, ex.: en haut, en bas, dans, sur, sous, derriére, etc","2024-04-17 01:47:40","2024-04-17 01:47:40"
"","2","Habiletés de communication-expressive","Signale les caractéristiques physiques des personnes, objets ou actions, ex.: taille, couleur, forme, tex.ture etc.","L'éléve signale les caractéristiques physiques des personnes, objets ou actions, ex.: taille, couleur, forme, tex.ture etc.","Avec l'aide de l'adulte, l'éléve signale les caractéristiques physiques des personnes, objets ou actions, ex.: taille, couleur, forme, tex.ture etc.","L'éléve ne signale pas les caractéristiques physiques des personnes, objets ou actions, ex.: taille, couleur, forme, tex.ture etc.","2024-04-17 01:47:40","2024-04-17 01:47:40"
"","2","Habiletés de communication-expressive","Décrit de 3 à 8 détails sur des événements passés","L'éléve décrit de 3 à 8 détails sur des événements passés","Avec l'appui et l'aide de l'adulte, l'éléve parvient à décrire de 3 à 8 détails sur des événements passés","L'éléve ne décrit pas sur des événements passés","2024-04-17 01:47:40","2024-04-17 01:47:40"
"","2","Habiletés de communication-expressive","Décrit de 3 à 5 de détails concernant des événements futurs","L'éléve décrit de 3 à 8 détails concernant des événements futurs","Avec l'appui et l'aide de l'adulte, l'éléve parvient à décrire de 3 à 8 détails concernant des événements futurs","L'éléve ne décrit pas concernant des événements futurs","2024-04-17 01:47:40","2024-04-17 01:47:40"
"","2","Habiletés de communication-expressive","Décrit un groupe d'objets, personnes ou événements en utilisant le pluriel","L'éléve décrit un groupe d'objets, personnes ou événements en utilisant le pluriel","Avec l'aide de l'adulte, l'éléve décrit un groupe d'objets, personnes ou événements en utilisant le pluriel","L'éléve ne décrit pas un groupe d'objets, personnes ou événements en utilisant le pluriel","2024-04-17 01:47:40","2024-04-17 01:47:40"
"","2","Habiletés de communication-expressive","Produit une phrase structurée pour demander un objet, répondre à la question, faire un commentaire, ex.primer une préférence ou un refus","L'éléve produit une phrase structurée pour demander un objet, répondre à la question, faire un commentaire, ex.primer une préférence ou un refus","Avec l'intervention de l'adulte, l'éléve produit une phrase structurée pour demander un objet, répondre à la question, faire un commentaire, ex.primer une préférence ou un refus","L'éléve ne produit pas une phrase structurée pour demander un objet, répondre à la question, faire un commentaire, ex.primer une préférence ou un refus malgré l'aide de l'adulte","2024-04-17 01:47:40","2024-04-17 01:47:40"
"","2","Habiletés de communication-expressive","Utilise des mots, ex.pressions ou phrases pour obtenir des informations","L'éléve utilise des mots, ex.pressions ou phrases pour obtenir des informations","Avec l'aide de l'adulte, l'éléve utilise des mots, ex.pressions ou phrases pour obtenir des informations","L'éléve n'utilise pas des mots, ex.pressions ou phrases pour obtenir des informations","2024-04-17 01:47:40","2024-04-17 01:47:40"
"","2","Habiletés de communication-expressive","Utilise des mots, ex.pressions ou phrases pour complimenter les autres","L'éléve utilise des mots, ex.pressions ou phrases pour complimenter les autres","L'éléve avec l'aide de l'adulte utilise des mots, ex.pressions ou phrases pour complimenter les autres","L'éléve n'utilise pas des mots, ex.pressions ou phrases pour complimenter les autres","2024-04-17 01:47:40","2024-04-17 01:47:40"
"","2","Habiletés de communication-expressive","Utilise des mots, ex.pressions ou phrases pour persuader, dissuader","L'éléve utilise des mots, ex.pressions ou phrases pour persuader, dissuader","L'éléve avec l'aide de l'adulte utilise des mots, ex.pressions ou phrases pour persuader, dissuader","L'éléve n'utilise pas des mots, ex.pressions ou phrases pour persuader, dissuader","2024-04-17 01:47:40","2024-04-17 01:47:40"
"","2","Habiletés de communication-expressive","Utilise des mots, ex.presssions ou phrases pour se plaindre, critiquer ou justifier","L'éléve utilise des mots, ex.pressions ou phrase pour se plaindre, critiquer ou justifier","L'éléve utilise des mots, ex.pressions ou phrases pour se plaindre, critiquer ou justifier","L'éléve n'utilise pas des mots, ex.pressions ou phrases pour se plaindre, critiquer ou justifier","2024-04-17 01:47:40","2024-04-17 01:47:40"
"","2","Habiletés de communication-expressive","Utilise des mots, ex.pressions ou phrases pour ex.primer son opinion/désaccord","L'éléve utilise des mots, ex.pressions ou phrases pour ex.primer son opinion désacord","L'éléve avec l'aide de l'adulte utilise des mots, ex.pressions ou phrases pour ex.primer son opinion désacord","L'éléve n'utilise pas des mots, ex.pressions ou phrases pour ex.primer son opinion désacord","2024-04-17 01:47:40","2024-04-17 01:47:40"
"","2","Habiletés de communication-expressive","Utilise des mots, phrases, ou ex.pressions pour demander une permission","L'éléve utilise des mots, phrases, ou ex.pressions pour demander une permission","L'éléve utilise des mots, phrases, ou ex.pressions pour demander une permission avec l'aide de l'adulte","L'éléve n'utilise pas des mots, phrases, ou ex.pressions pour demander une permission","2024-04-17 01:47:40","2024-04-17 01:47:40"
"","2","Habiletés de communication-expressive","Fait des comparaisons entre objets, personnes, actions, événements, etc. en utilisant des adjectifs","L'éléve fait des comparaisons entre objets, personnes, actions, événements, etc. en utilisant des adjectifs","L'éléve avec l'aide de l'adulte fait des comparaisons entre objets, personnes, actions, événements, etc. en utilisant des adjectifs","L'éléve ne fait pas des comparaisons entre objets, personnes, actions, événements, etc. en utilisant des adjectifs","2024-04-17 01:47:40","2024-04-17 01:47:40"
"","2","Habiletés de communication-expressive","Salue les autres afin d'initier une conversation","L'éléve salue les autres afin d'initier une conversation","L'éléve avec l'intervention de l'adulte salue les autres afin d'initier une conversation","L'éléve ne salue pas les autres afin d'initier une conversation","2024-04-17 01:47:40","2024-04-17 01:47:40"
"","2","Habiletés de communication-expressive","Respecte le tour de parole dans une conversation : pose une question et attend que la personne réponde","L'éléve respecte le tour de parole dans une conversation : pose une question et attend que la personne réponde","L'éléve avec l'intervention de l'adulte respecte le tour de parole dans une conversation : pose une question et attend que la personne réponde","L'éléve ne respecte pas le tour de parole dans une conversation : ne pose pas une question et n'attend pas que la personne réponde","2024-04-17 01:47:40","2024-04-17 01:47:40"
"","2","Habiletés de communication-expressive","Participe aux discussions en prenant la parole à plusieurs reprises et en écoutant l'autre, ex.: pose des questions et permet à l'autre de prendre la parole sans l'intérompre","L'éléve participe aux discussions en prenant la parole à plusieurs reprises et en écoutant l'autre. Il pose des questions et permet à l'autre de prendre la parole sans l'intérompre","Avec l'aide de l'adulte, l'éléve participe aux discussions en prenant la parole à plusieurs reprises et en écoutant l'autre. Il pose des questions et permet à l'autre de prendre la parole sans l'intérompre","L'éléve ne participe pas aux discussions en prenant la parole et en écoutant l'autre. Il ne pose pas des questions","2024-04-17 01:47:40","2024-04-17 01:47:40"
"","2","Habiletés de communication-expressive","Respecte les frontiéres physiques lors d'une conversation","L'éléve respecte les frontiéres physiques lors d'une conversation","L'éléve avec l'aide de l'adulte cherche ses sites web favoris sur internet","L'éléve ne cherche pas ses sites web favoris sur internet","2024-04-17 01:47:40","2024-04-17 01:47:40"
"","2","Habiletés de communication-expressive","Maintient une conversation , ex.: identifie les commentaires, pose des questions de façon appropriée, donne des quantités appropriées d'information, signale un changement de sujet, demande des éclaircissements, etc.","L'éléve maintient une conversation. Il identifie les commentaires, pose des questions de façon appropriée, donne des quantités appropriées d'information, signale un changement de sujet, demande des éclaircissements, etc.","L'éléve avec l'aide de l'adulte maintient une conversation. Il identifie les commentaires, pose des questions de façon appropriée, donne des quantités appropriées d'information, signale un changement de sujet, demande des éclaircissements, etc..","L'éleve ne parvient pas à maintenir une conversation. Il n'identifie pas les commentaires, ne pose pas des questions de façon appropriée, ne donne pas des quantités appropriées d'information, ne signale pas un changement de sujet, ne demande pas des éclaircissements, etc.","2024-04-17 01:47:40","2024-04-17 01:47:40"
"","2","Habiletés de communication-expressive","Reste centré sur le sujet lors d'une conversation","L'éléve reste centré sur le sujet lors d'une conversation","L'éléve avec l'intervention de l'adulte reste centré sur le sujet lors d'une conversation","L'éléve ne reste pas centré sur le sujet lors d'une conversation","2024-04-17 01:47:40","2024-04-17 01:47:40"
"","2","Habiletés de communication-expressive","Termine une conversation de façon appropriée","L'éléve termine une conversation de façon appropriée","Avec l'intervention de l'adulte , l'éléve termine une conversation de façon appropriée","L'éléve ne termine pas une conversation de façon appropriée","2024-04-17 01:47:40","2024-04-17 01:47:40"
"","2","Habiletés de communication-expressive","Utilise un contact visuel approprié lorsqu'il est engagé dans une interaction verbale","L'éléve utilise un contact visuel approprié lorsqu'il est engagé dans une interaction verbale","Avec l'intervention de l'adulte, l'éléve utilise un contact visuel approprié lorsqu'il est engagé dans une interaction verbale","L'éléve n'utilise pas un contact visuel approprié lorsqu'il est engagé dans une interaction verbale","2024-04-17 01:47:40","2024-04-17 01:47:40"
"","2","Habiletés de communication-expressive","Attend pour prendre la parole, n'intérrompt pas l'interlocuteur","L'éléve attend pour prendre la parole. Il n'intérrompt pas l'interlocuteur","L'éléve avec l'intervention de l'adulte attend pour prendre la parole. Il n'intérrompt pas l'interlocuteur","L'éléve n'attend pas pour prendre la parole. Il intérrompt l'interlocuteur.","2024-04-17 01:47:40","2024-04-17 01:47:40"
"","2","Habiletés de communication-expressive","Utilise des stratégies communicatives de réparation lors de la réception et de l'émission d'un message, ex.: ""Je ne comprends pas"" ou ""Peux-tu répéter, s'il-te plait?""","L'éléve utilise des stratégies communicatives de réparation lors de la réception et de l'émission d'un message, comme: ""Je ne comprends pas"" ou ""Peux-tu répéter, s'il-te plait?""","L'éléve avec l'aide de l'adulte utilise des stratégies communicatives de réparation lors de la réception et de l'émission d'un message comme : ""Je ne comprends pas"" ou ""Peux-tu répéter, s'il-te plait?""","L'éléve n'utilise pas des stratégies communicatives de réparation lors de la réception et de l'émission d'un message comme: ""Je ne comprends pas"" ou ""Peux-tu répéter, s'il-te plait?""","2024-04-17 01:47:40","2024-04-17 01:47:40"
"","2","Habiletés de communication-expressive","Utilise un langage poli et courtois, ex.: s'il vous plaît, merci, ex.cusez-moi, etc.","L'éléve utilise un langage poli et courtois, comme: s'il vous plaît, merci, ex.cusez-moi, etc.","L'éléve avec l'aide de l'adulte utilise un langage poli et courtois, comme: s'il vous plaît, merci, ex.cusez-moi, etc.","L'éléve n'utilise pas un langage poli et courtois, comme: s'il vous plaît, merci, ex.cusez-moi, etc.","2024-04-17 01:47:40","2024-04-17 01:47:40"
"","2","Habiletés de communication-expressive","Module le volume de la voix selon la situation","L'éléve module le volume de la voix selon la situation","L'éléve avec l'intervention de l'adulte module le volume de la voix selon la situation","L'éléve ne module pas le volume de la voix selon la situation malgré l'intervention de l'adulte","2024-04-17 01:47:40","2024-04-17 01:47:40"
"","2","Habiletés de communication-expressive","Parle de façon claire afin que les autres comprennent","L'éléve parle de façon claire afin que les autres comprennent","L'éléve avec l'intervention de l'adulte parle de façon claire afin que les autres comprennent","L'éléve ne parle pas de façon claire afin que les autres comprennent","2024-04-17 01:47:40","2024-04-17 01:47:40"
"","2","Habiletés de communication-expressive","Apprécie l'humour des autres, ex.: sourit ou rit à leurs plaisanteries ou grimaces","L'éléve apprécie l'humour des autres. Il sourit ou rit à leurs plaisanteries ou grimaces","L'éléve avec l'aide de l'adulte apprécie l'humour des autres. Il sourit ou rit à leurs plaisanteries ou grimaces","L'éléve n'apprécie pas l'humour des autres. Il ne sourit pas et ne rit pas à leurs plaisanteries ou grimaces","2024-04-17 01:47:40","2024-04-17 01:47:40"
"","2","Habiletés de communication-expressive","Discrimine/Différencie quand les autres mentent ou taquinent","L'éléve discrimine et différencie quand les autres mentent ou taquinent","L'éléve avec l'aide de l'adulte discrimine et différencie quand les autres mentent ou taquinent","L'éléve ne discrimine pas, ne différencie pas quand les autres mentent ou taquinent","2024-04-17 01:47:40","2024-04-17 01:47:40"